representation,streams,command_bytes,dmabuf,replica,status,intent_payload_bytes,extent_bytes,host_retained_bytes,ops_per_phase,store_failures,load_failures,engine_store_MBps,engine_load_MBps,timed_logical_bytes_per_phase,dev_write_cmds,dev_write_bytes,dev_write_sizes,dev_read_cmds,dev_read_bytes,dev_read_sizes,dev_read_lat_p50_us,dev_read_lat_p99_us,dev_write_lat_p99_us,dev_bad_status,dev_unpaired,capture_drops,write_bytes_vs_logical,read_bytes_vs_logical
bf16_kv,1,1048576,udmabuf,1,replay_status=0,33554432,33558528,0,32,0,0,7390.9,10756.3,805306368,792,805404672,4096x24 1048576x768,768,805306368,1048576x768,2053.4,5420.1,5106.8,0,0,0,1.0001,1.0000
bf16_kv,1,1048576,udmabuf,2,replay_status=0,33554432,33558528,0,32,0,0,7266.3,11318.3,805306368,792,805404672,4096x24 1048576x768,768,805306368,1048576x768,2061.3,4673.4,5086.1,0,0,0,1.0001,1.0000
bf16_kv,1,1048576,udmabuf,3,replay_status=0,33554432,33558528,0,32,0,0,7357.2,11168.0,805306368,792,805404672,4096x24 1048576x768,768,805306368,1048576x768,2114.6,5095.4,4849.3,0,0,0,1.0001,1.0000
bf16_kv,1,131072,none,1,replay_status=0,33554432,33558528,0,32,0,0,1763.7,2166.2,805306368,6168,805404672,4096x24 131072x6144,6144,805306368,131072x6144,88.9,223.3,539.8,0,0,0,1.0001,1.0000
bf16_kv,1,131072,none,2,replay_status=0,33554432,33558528,0,32,0,0,1760.4,2223.0,805306368,6168,805404672,4096x24 131072x6144,6144,805306368,131072x6144,89.6,248.9,397.3,0,0,0,1.0001,1.0000
bf16_kv,1,131072,none,3,replay_status=0,33554432,33558528,0,32,0,0,1768.2,2239.6,805306368,6168,805404672,4096x24 131072x6144,6144,805306368,131072x6144,89.3,235.2,498.8,0,0,0,1.0001,1.0000
bf16_kv,1,2097152,udmabuf,1,replay_status=0,33554432,33558528,0,32,0,0,7307.8,11249.0,805306368,408,805404672,4096x24 2097152x384,384,805306368,2097152x384,2406.1,5263.6,5101.6,0,0,0,1.0001,1.0000
bf16_kv,1,2097152,udmabuf,2,replay_status=0,33554432,33558528,0,32,0,0,7406.9,11277.2,805306368,408,805404672,4096x24 2097152x384,384,805306368,2097152x384,2449.8,5966.0,5019.0,0,0,0,1.0001,1.0000
bf16_kv,1,2097152,udmabuf,3,replay_status=0,33554432,33558528,0,32,0,0,7329.2,11643.0,805306368,408,805404672,4096x24 2097152x384,384,805306368,2097152x384,2423.8,4697.7,5154.5,0,0,0,1.0001,1.0000
bf16_kv,1,524288,udmabuf,1,replay_status=0,33554432,33558528,0,32,0,0,7290.8,11063.6,805306368,1560,805404672,4096x24 524288x1536,1536,805306368,524288x1536,1692.7,3882.4,4723.5,0,0,0,1.0001,1.0000
bf16_kv,1,524288,udmabuf,2,replay_status=0,33554432,33558528,0,32,0,0,7248.2,11211.8,805306368,1560,805404672,4096x24 524288x1536,1536,805306368,524288x1536,1722.3,2963.1,4740.1,0,0,0,1.0001,1.0000
bf16_kv,1,524288,udmabuf,3,replay_status=0,33554432,33558528,0,32,0,0,7499.5,10979.8,805306368,1560,805404672,4096x24 524288x1536,1536,805306368,524288x1536,1726.6,3696.2,4950.2,0,0,0,1.0001,1.0000
bf16_kv,4,1048576,udmabuf,1,replay_status=0,33554432,33558528,0,128,0,0,6914.8,13912.5,3221225472,3168,3221618688,4096x96 1048576x3072,3072,3221225472,1048576x3072,7927.4,10174.7,20103.7,0,0,0,1.0001,1.0000
bf16_kv,4,1048576,udmabuf,2,replay_status=0,33554432,33558528,0,128,0,0,6924.2,13984.2,3221225472,3168,3221618688,4096x96 1048576x3072,3072,3221225472,1048576x3072,7969.2,9992.9,19852.3,0,0,0,1.0001,1.0000
bf16_kv,4,1048576,udmabuf,3,replay_status=0,33554432,33558528,0,128,0,0,6941.7,14079.4,3221225472,3168,3221618688,4096x96 1048576x3072,3072,3221225472,1048576x3072,7956.2,11009.2,19853.3,0,0,0,1.0001,1.0000
bf16_kv,4,131072,none,1,replay_status=0,33554432,33558528,0,128,0,0,5921.0,2755.1,3221225472,24672,3221618688,4096x96 131072x24576,24576,3221225472,131072x24576,90.7,222.4,2887.2,0,0,0,1.0001,1.0000
bf16_kv,4,131072,none,2,replay_status=0,33554432,33558528,0,128,0,0,5892.8,2741.3,3221225472,24672,3221618688,4096x96 131072x24576,24576,3221225472,131072x24576,90.5,240.2,2974.5,0,0,0,1.0001,1.0000
bf16_kv,4,131072,none,3,replay_status=0,33554432,33558528,0,128,0,0,5838.0,2744.4,3221225472,24672,3221618688,4096x96 131072x24576,24576,3221225472,131072x24576,90.5,232.7,2912.9,0,0,0,1.0001,1.0000
bf16_kv,4,2097152,udmabuf,1,replay_status=0,33554432,33558528,0,128,0,0,6924.2,14040.1,3221225472,1632,3221618688,4096x96 2097152x1536,1536,3221225472,2097152x1536,8746.5,9955.2,19916.4,0,0,0,1.0001,1.0000
bf16_kv,4,2097152,udmabuf,2,replay_status=0,33554432,33558528,0,128,0,0,6910.8,14018.0,3221225472,1632,3221618688,4096x96 2097152x1536,1536,3221225472,2097152x1536,8691.7,11564.6,19920.4,0,0,0,1.0001,1.0000
bf16_kv,4,2097152,udmabuf,3,replay_status=0,33554432,33558528,0,128,0,0,6932.0,13985.3,3221225472,1632,3221618688,4096x96 2097152x1536,1536,3221225472,2097152x1536,8720.0,10172.8,19995.8,0,0,0,1.0001,1.0000
bf16_kv,4,524288,udmabuf,1,replay_status=0,33554432,33558528,0,128,0,0,6916.6,14041.3,3221225472,6240,3221618688,4096x96 524288x6144,6144,3221225472,524288x6144,7573.1,9478.0,19677.9,0,0,0,1.0001,1.0000
bf16_kv,4,524288,udmabuf,2,replay_status=0,33554432,33558528,0,128,0,0,6941.3,14017.1,3221225472,6240,3221618688,4096x96 524288x6144,6144,3221225472,524288x6144,7514.2,10268.0,19564.0,0,0,0,1.0001,1.0000
bf16_kv,4,524288,udmabuf,3,replay_status=0,33554432,33558528,0,128,0,0,6922.3,13995.4,3221225472,6240,3221618688,4096x96 524288x6144,6144,3221225472,524288x6144,7419.1,9382.7,19486.8,0,0,0,1.0001,1.0000
bf16_kv,8,1048576,udmabuf,1,replay_status=0,33554432,33558528,0,256,0,0,6873.3,14231.4,6442450944,6336,6443237376,4096x192 1048576x6144,6144,6442450944,1048576x6144,17143.6,21355.0,39630.2,0,0,0,1.0001,1.0000
bf16_kv,8,1048576,udmabuf,2,replay_status=0,33554432,33558528,0,256,0,0,6878.1,14268.1,6442450944,6336,6443237376,4096x192 1048576x6144,6144,6442450944,1048576x6144,17125.2,19035.4,39500.9,0,0,0,1.0001,1.0000
bf16_kv,8,1048576,udmabuf,3,replay_status=0,33554432,33558528,0,256,0,0,6877.1,14238.3,6442450944,6336,6443237376,4096x192 1048576x6144,6144,6442450944,1048576x6144,17270.6,19467.7,39516.9,0,0,0,1.0001,1.0000
bf16_kv,8,131072,none,1,replay_status=0,33554432,33558528,0,256,0,0,6754.5,4861.3,6442450944,49344,6443237376,4096x192 131072x49152,49152,6442450944,131072x49152,373.4,1147.9,36329.3,0,0,0,1.0001,1.0000
bf16_kv,8,131072,none,2,replay_status=0,33554432,33558528,0,256,0,0,6766.7,5050.1,6442450944,49344,6443237376,4096x192 131072x49152,49152,6442450944,131072x49152,502.0,1260.6,36386.8,0,0,0,1.0001,1.0000
bf16_kv,8,131072,none,3,replay_status=0,33554432,33558528,0,256,0,0,6756.3,4894.1,6442450944,49344,6443237376,4096x192 131072x49152,49152,6442450944,131072x49152,472.8,1414.1,36151.8,0,0,0,1.0001,1.0000
bf16_kv,8,2097152,udmabuf,1,replay_status=0,33554432,33558528,0,256,0,0,6872.9,14259.6,6442450944,3264,6443237376,4096x192 2097152x3072,3072,6442450944,2097152x3072,17775.8,20872.1,40232.3,0,0,0,1.0001,1.0000
bf16_kv,8,2097152,udmabuf,2,replay_status=0,33554432,33558528,0,256,0,0,6869.2,14252.9,6442450944,3264,6443237376,4096x192 2097152x3072,3072,6442450944,2097152x3072,17841.5,21619.7,40159.6,0,0,0,1.0001,1.0000
bf16_kv,8,2097152,udmabuf,3,replay_status=0,33554432,33558528,0,256,0,0,6883.7,14231.6,6442450944,3264,6443237376,4096x192 2097152x3072,3072,6442450944,2097152x3072,17894.5,18929.1,40492.5,0,0,0,1.0001,1.0000
bf16_kv,8,524288,udmabuf,1,replay_status=0,33554432,33558528,0,256,0,0,6872.9,14202.4,6442450944,12480,6443237376,4096x192 524288x12288,12288,6442450944,524288x12288,16670.8,18485.4,39849.4,0,0,0,1.0001,1.0000
bf16_kv,8,524288,udmabuf,2,replay_status=0,33554432,33558528,0,256,0,0,6875.7,14248.0,6442450944,12480,6443237376,4096x192 524288x12288,12288,6442450944,524288x12288,16736.6,18684.8,39506.2,0,0,0,1.0001,1.0000
bf16_kv,8,524288,udmabuf,3,replay_status=0,33554432,33558528,0,256,0,0,6869.0,14231.2,6442450944,12480,6443237376,4096x192 524288x12288,12288,6442450944,524288x12288,16746.0,18660.3,39572.2,0,0,0,1.0001,1.0000
k16_v8,1,1048576,udmabuf,1,replay_status=0,25169920,25174016,0,32,0,0,7532.0,10454.3,604078080,624,604176384,4096x48 1048576x576,600,604078080,4096x24 1048576x576,1468.5,4465.1,3941.5,0,0,0,1.0002,1.0000
k16_v8,1,1048576,udmabuf,2,replay_status=0,25169920,25174016,0,32,0,0,7632.2,9505.4,604078080,624,604176384,4096x48 1048576x576,600,604078080,4096x24 1048576x576,1518.3,5946.8,3642.8,0,0,0,1.0002,1.0000
k16_v8,1,1048576,udmabuf,3,replay_status=0,25169920,25174016,0,32,0,0,7522.2,11361.0,604078080,624,604176384,4096x48 1048576x576,600,604078080,4096x24 1048576x576,1507.7,2710.1,3740.4,0,0,0,1.0002,1.0000
k16_v8,1,131072,none,1,replay_status=0,25169920,25174016,0,32,0,0,1882.9,2493.8,604078080,4656,604176384,4096x48 131072x4608,4632,604078080,4096x24 131072x4608,89.0,235.5,460.6,0,0,0,1.0002,1.0000
k16_v8,1,131072,none,2,replay_status=0,25169920,25174016,0,32,0,0,1831.8,2687.4,604078080,4656,604176384,4096x48 131072x4608,4632,604078080,4096x24 131072x4608,89.8,864.2,225.9,0,0,0,1.0002,1.0000
k16_v8,1,131072,none,3,replay_status=0,25169920,25174016,0,32,0,0,1852.4,2678.6,604078080,4656,604176384,4096x48 131072x4608,4632,604078080,4096x24 131072x4608,89.7,199.3,266.7,0,0,0,1.0002,1.0000
k16_v8,1,2097152,udmabuf,1,replay_status=0,25169920,25174016,0,32,0,0,7541.5,10438.6,604078080,336,604176384,4096x48 2097152x288,312,604078080,4096x24 2097152x288,1813.4,5000.8,3824.1,0,0,0,1.0002,1.0000
k16_v8,1,2097152,udmabuf,2,replay_status=0,25169920,25174016,0,32,0,0,7694.9,11922.6,604078080,336,604176384,4096x48 2097152x288,312,604078080,4096x24 2097152x288,1833.5,2880.8,3798.9,0,0,0,1.0002,1.0000
k16_v8,1,2097152,udmabuf,3,replay_status=0,25169920,25174016,0,32,0,0,7508.4,11225.8,604078080,336,604176384,4096x48 2097152x288,312,604078080,4096x24 2097152x288,1834.5,3359.8,3871.3,0,0,0,1.0002,1.0000
k16_v8,1,524288,udmabuf,1,replay_status=0,25169920,25174016,0,32,0,0,7586.8,10489.4,604078080,1200,604176384,4096x48 524288x1152,1176,604078080,4096x24 524288x1152,1320.0,3492.1,3478.1,0,0,0,1.0002,1.0000
k16_v8,1,524288,udmabuf,2,replay_status=0,25169920,25174016,0,32,0,0,7641.3,9589.2,604078080,1200,604176384,4096x48 524288x1152,1176,604078080,4096x24 524288x1152,1327.2,5350.9,3500.4,0,0,0,1.0002,1.0000
k16_v8,1,524288,udmabuf,3,replay_status=0,25169920,25174016,0,32,0,0,7673.6,11394.5,604078080,1200,604176384,4096x48 524288x1152,1176,604078080,4096x24 524288x1152,1394.0,1885.1,3566.5,0,0,0,1.0002,1.0000
k16_v8,4,1048576,udmabuf,1,replay_status=0,25169920,25174016,0,128,0,0,6981.9,13863.4,2416312320,2496,2416705536,4096x192 1048576x2304,2400,2416312320,4096x96 1048576x2304,5695.7,8194.9,14816.8,0,0,0,1.0002,1.0000
k16_v8,4,1048576,udmabuf,2,replay_status=0,25169920,25174016,0,128,0,0,7030.4,13385.1,2416312320,2496,2416705536,4096x192 1048576x2304,2400,2416312320,4096x96 1048576x2304,5684.1,7828.3,14758.8,0,0,0,1.0002,1.0000
k16_v8,4,1048576,udmabuf,3,replay_status=0,25169920,25174016,0,128,0,0,6968.2,14172.6,2416312320,2496,2416705536,4096x192 1048576x2304,2400,2416312320,4096x96 1048576x2304,5708.2,7295.5,14982.8,0,0,0,1.0002,1.0000
k16_v8,4,131072,none,1,replay_status=0,25169920,25174016,0,128,0,0,5603.0,2675.3,2416312320,18624,2416705536,4096x192 131072x18432,18528,2416312320,4096x96 131072x18432,91.3,357.9,1518.4,0,0,0,1.0002,1.0000
k16_v8,4,131072,none,2,replay_status=0,25169920,25174016,0,128,0,0,5620.7,2636.9,2416312320,18624,2416705536,4096x192 131072x18432,18528,2416312320,4096x96 131072x18432,89.3,360.6,1682.9,0,0,0,1.0002,1.0000
k16_v8,4,131072,none,3,replay_status=0,25169920,25174016,0,128,0,0,5737.4,2665.7,2416312320,18624,2416705536,4096x192 131072x18432,18528,2416312320,4096x96 131072x18432,90.6,1034.4,1418.5,0,0,0,1.0002,1.0000
k16_v8,4,2097152,udmabuf,1,replay_status=0,25169920,25174016,0,128,0,0,6985.3,13461.9,2416312320,1344,2416705536,4096x192 2097152x1152,1248,2416312320,4096x96 2097152x1152,5997.4,9146.8,14951.3,0,0,0,1.0002,1.0000
k16_v8,4,2097152,udmabuf,2,replay_status=0,25169920,25174016,0,128,0,0,6975.0,14198.1,2416312320,1344,2416705536,4096x192 2097152x1152,1248,2416312320,4096x96 2097152x1152,5812.0,7718.0,14988.2,0,0,0,1.0002,1.0000
k16_v8,4,2097152,udmabuf,3,replay_status=0,25169920,25174016,0,128,0,0,7004.5,13805.5,2416312320,1344,2416705536,4096x192 2097152x1152,1248,2416312320,4096x96 2097152x1152,6111.3,7724.6,15037.3,0,0,0,1.0002,1.0000
k16_v8,4,524288,udmabuf,1,replay_status=0,25169920,25174016,0,128,0,0,6980.8,14200.5,2416312320,4800,2416705536,4096x192 524288x4608,4704,2416312320,4096x96 524288x4608,5568.8,7001.1,14842.8,0,0,0,1.0002,1.0000
k16_v8,4,524288,udmabuf,2,replay_status=0,25169920,25174016,0,128,0,0,6972.7,13793.6,2416312320,4800,2416705536,4096x192 524288x4608,4704,2416312320,4096x96 524288x4608,5549.8,7056.5,14759.2,0,0,0,1.0002,1.0000
k16_v8,4,524288,udmabuf,3,replay_status=0,25169920,25174016,0,128,0,0,7002.8,13550.8,2416312320,4800,2416705536,4096x192 524288x4608,4704,2416312320,4096x96 524288x4608,5618.0,9732.6,14814.2,0,0,0,1.0002,1.0000
k16_v8,8,1048576,udmabuf,1,replay_status=0,25169920,25174016,0,256,0,0,6876.8,13958.2,4832624640,4992,4833411072,4096x384 1048576x4608,4800,4832624640,4096x192 1048576x4608,12651.2,14610.6,30181.9,0,0,0,1.0002,1.0000
k16_v8,8,1048576,udmabuf,2,replay_status=0,25169920,25174016,0,256,0,0,6901.0,14159.6,4832624640,4992,4833411072,4096x384 1048576x4608,4800,4832624640,4096x192 1048576x4608,12673.7,14332.1,29691.7,0,0,0,1.0002,1.0000
k16_v8,8,1048576,udmabuf,3,replay_status=0,25169920,25174016,0,256,0,0,6896.7,14310.1,4832624640,4992,4833411072,4096x384 1048576x4608,4800,4832624640,4096x192 1048576x4608,12599.3,14435.8,30089.0,0,0,0,1.0002,1.0000
k16_v8,8,131072,none,1,replay_status=0,25169920,25174016,0,256,0,0,6775.4,5088.1,4832624640,37248,4833411072,4096x384 131072x36864,37056,4832624640,4096x192 131072x36864,442.2,1170.6,26355.2,0,0,0,1.0002,1.0000
k16_v8,8,131072,none,2,replay_status=0,25169920,25174016,0,256,0,0,6786.9,5034.1,4832624640,37248,4833411072,4096x384 131072x36864,37056,4832624640,4096x192 131072x36864,363.4,1041.2,26333.0,0,0,0,1.0002,1.0000
k16_v8,8,131072,none,3,replay_status=0,25169920,25174016,0,256,0,0,6782.9,5168.4,4832624640,37248,4833411072,4096x384 131072x36864,37056,4832624640,4096x192 131072x36864,433.2,1171.8,26558.2,0,0,0,1.0002,1.0000
k16_v8,8,2097152,udmabuf,1,replay_status=0,25169920,25174016,0,256,0,0,6892.5,14189.7,4832624640,2688,4833411072,4096x384 2097152x2304,2496,4832624640,4096x192 2097152x2304,12971.0,14443.3,29812.3,0,0,0,1.0002,1.0000
k16_v8,8,2097152,udmabuf,2,replay_status=0,25169920,25174016,0,256,0,0,6877.0,14268.4,4832624640,2688,4833411072,4096x384 2097152x2304,2496,4832624640,4096x192 2097152x2304,12657.1,14974.2,29897.5,0,0,0,1.0002,1.0000
k16_v8,8,2097152,udmabuf,3,replay_status=0,25169920,25174016,0,256,0,0,6886.9,14095.1,4832624640,2688,4833411072,4096x384 2097152x2304,2496,4832624640,4096x192 2097152x2304,12969.5,15345.6,30299.7,0,0,0,1.0002,1.0000
k16_v8,8,524288,udmabuf,1,replay_status=0,25169920,25174016,0,256,0,0,6908.8,14196.7,4832624640,9600,4833411072,4096x384 524288x9216,9408,4832624640,4096x192 524288x9216,12474.5,13973.6,29561.8,0,0,0,1.0002,1.0000
k16_v8,8,524288,udmabuf,2,replay_status=0,25169920,25174016,0,256,0,0,6885.5,13991.2,4832624640,9600,4833411072,4096x384 524288x9216,9408,4832624640,4096x192 524288x9216,12431.7,14505.5,29794.2,0,0,0,1.0002,1.0000
k16_v8,8,524288,udmabuf,3,replay_status=0,25169920,25174016,0,256,0,0,6898.0,14101.7,4832624640,9600,4833411072,4096x384 524288x9216,9408,4832624640,4096x192 524288x9216,12439.8,13942.6,29455.0,0,0,0,1.0002,1.0000
v8_only,1,1048576,udmabuf,1,replay_status=0,8392704,8396800,16777216,32,0,0,10499.8,5629.3,201424896,240,201523200,4096x48 1048576x192,216,201424896,4096x24 1048576x192,842.7,5370.2,1034.6,0,0,0,1.0005,1.0000
v8_only,1,1048576,udmabuf,2,replay_status=0,8392704,8396800,16777216,32,0,0,10584.2,6115.7,201424896,240,201523200,4096x48 1048576x192,216,201424896,4096x24 1048576x192,837.1,3722.2,807.4,0,0,0,1.0005,1.0000
v8_only,1,1048576,udmabuf,3,replay_status=0,8392704,8396800,16777216,32,0,0,10546.8,6451.7,201424896,240,201523200,4096x48 1048576x192,216,201424896,4096x24 1048576x192,820.0,4154.2,910.0,0,0,0,1.0005,1.0000
v8_only,1,131072,none,1,replay_status=0,8392704,8396800,16777216,32,0,0,1788.7,2120.8,201424896,1584,201523200,4096x48 131072x1536,1560,201424896,4096x24 131072x1536,90.4,1798.0,255.1,0,0,0,1.0005,1.0000
v8_only,1,131072,none,2,replay_status=0,8392704,8396800,16777216,32,0,0,1830.2,2153.9,201424896,1584,201523200,4096x48 131072x1536,1560,201424896,4096x24 131072x1536,90.4,1751.9,258.0,0,0,0,1.0005,1.0000
v8_only,1,131072,none,3,replay_status=0,8392704,8396800,16777216,32,0,0,1808.5,2234.2,201424896,1584,201523200,4096x48 131072x1536,1560,201424896,4096x24 131072x1536,90.8,1845.0,246.4,0,0,0,1.0005,1.0000
v8_only,1,2097152,udmabuf,1,replay_status=0,8392704,8396800,16777216,32,0,0,10708.4,6337.8,201424896,144,201523200,4096x48 2097152x96,120,201424896,4096x24 2097152x96,873.2,4505.9,910.8,0,0,0,1.0005,1.0000
v8_only,1,2097152,udmabuf,2,replay_status=0,8392704,8396800,16777216,32,0,0,9888.1,6366.1,201424896,144,201523200,4096x48 2097152x96,120,201424896,4096x24 2097152x96,855.6,4323.1,1316.4,0,0,0,1.0005,1.0000
v8_only,1,2097152,udmabuf,3,replay_status=0,8392704,8396800,16777216,32,0,0,10619.0,6176.2,201424896,144,201523200,4096x48 2097152x96,120,201424896,4096x24 2097152x96,868.4,4237.7,1201.5,0,0,0,1.0005,1.0000
v8_only,1,524288,udmabuf,1,replay_status=0,8392704,8396800,16777216,32,0,0,10197.9,5934.4,201424896,432,201523200,4096x48 524288x384,408,201424896,4096x24 524288x384,715.4,4326.6,873.4,0,0,0,1.0005,1.0000
v8_only,1,524288,udmabuf,2,replay_status=0,8392704,8396800,16777216,32,0,0,9949.8,5772.7,201424896,432,201523200,4096x48 524288x384,408,201424896,4096x24 524288x384,760.1,4573.5,1221.4,0,0,0,1.0005,1.0000
v8_only,1,524288,udmabuf,3,replay_status=0,8392704,8396800,16777216,32,0,0,10276.6,5922.4,201424896,432,201523200,4096x48 524288x384,408,201424896,4096x24 524288x384,704.4,4648.0,667.9,0,0,0,1.0005,1.0000
v8_only,4,1048576,udmabuf,1,replay_status=0,8392704,8396800,16777216,128,0,0,7311.7,11403.8,805699584,960,806092800,4096x192 1048576x768,864,805699584,4096x96 1048576x768,2021.5,7548.6,5458.1,0,0,0,1.0005,1.0000
v8_only,4,1048576,udmabuf,2,replay_status=0,8392704,8396800,16777216,128,0,0,7214.7,11737.1,805699584,960,806092800,4096x192 1048576x768,864,805699584,4096x96 1048576x768,1937.0,4898.5,5377.4,0,0,0,1.0005,1.0000
v8_only,4,1048576,udmabuf,3,replay_status=0,8392704,8396800,16777216,128,0,0,7311.2,12287.4,805699584,960,806092800,4096x192 1048576x768,864,805699584,4096x96 1048576x768,1989.0,3934.0,5484.0,0,0,0,1.0005,1.0000
v8_only,4,131072,none,1,replay_status=0,8392704,8396800,16777216,128,0,0,5439.9,3306.1,805699584,6336,806092800,4096x192 131072x6144,6240,805699584,4096x96 131072x6144,140.7,4264.4,441.1,0,0,0,1.0005,1.0000
v8_only,4,131072,none,2,replay_status=0,8392704,8396800,16777216,128,0,0,5507.5,4077.2,805699584,6336,806092800,4096x192 131072x6144,6240,805699584,4096x96 131072x6144,186.8,2114.5,3441.1,0,0,0,1.0005,1.0000
v8_only,4,131072,none,3,replay_status=0,8392704,8396800,16777216,128,0,0,5402.0,3022.5,805699584,6336,806092800,4096x192 131072x6144,6240,805699584,4096x96 131072x6144,100.2,567.8,837.6,0,0,0,1.0005,1.0000
v8_only,4,2097152,udmabuf,1,replay_status=0,8392704,8396800,16777216,128,0,0,7315.9,11485.9,805699584,576,806092800,4096x192 2097152x384,480,805699584,4096x96 2097152x384,2207.3,5175.1,5205.1,0,0,0,1.0005,1.0000
v8_only,4,2097152,udmabuf,2,replay_status=0,8392704,8396800,16777216,128,0,0,7360.3,12291.3,805699584,576,806092800,4096x192 2097152x384,480,805699584,4096x96 2097152x384,2178.4,3951.7,5274.8,0,0,0,1.0005,1.0000
v8_only,4,2097152,udmabuf,3,replay_status=0,8392704,8396800,16777216,128,0,0,7348.8,11498.5,805699584,576,806092800,4096x192 2097152x384,480,805699584,4096x96 2097152x384,2152.3,7070.6,5170.3,0,0,0,1.0005,1.0000
v8_only,4,524288,udmabuf,1,replay_status=0,8392704,8396800,16777216,128,0,0,7531.2,11988.6,805699584,1728,806092800,4096x192 524288x1536,1632,805699584,4096x96 524288x1536,1852.4,4909.9,5176.9,0,0,0,1.0005,1.0000
v8_only,4,524288,udmabuf,2,replay_status=0,8392704,8396800,16777216,128,0,0,7333.1,11578.8,805699584,1728,806092800,4096x192 524288x1536,1632,805699584,4096x96 524288x1536,1808.0,4858.0,5084.1,0,0,0,1.0005,1.0000
v8_only,4,524288,udmabuf,3,replay_status=0,8392704,8396800,16777216,128,0,0,7380.9,11539.6,805699584,1728,806092800,4096x192 524288x1536,1632,805699584,4096x96 524288x1536,1848.6,7343.6,5275.5,0,0,0,1.0005,1.0000
v8_only,8,1048576,udmabuf,1,replay_status=0,8392704,8396800,16777216,256,0,0,7033.2,13871.9,1611399168,1920,1612185600,4096x384 1048576x1536,1728,1611399168,4096x192 1048576x1536,4129.7,5192.1,10301.7,0,0,0,1.0005,1.0000
v8_only,8,1048576,udmabuf,2,replay_status=0,8392704,8396800,16777216,256,0,0,7022.5,13569.7,1611399168,1920,1612185600,4096x384 1048576x1536,1728,1611399168,4096x192 1048576x1536,4173.3,5760.2,10808.5,0,0,0,1.0005,1.0000
v8_only,8,1048576,udmabuf,3,replay_status=0,8392704,8396800,16777216,256,0,0,7112.5,13628.5,1611399168,1920,1612185600,4096x384 1048576x1536,1728,1611399168,4096x192 1048576x1536,4102.3,7231.4,10073.4,0,0,0,1.0005,1.0000
v8_only,8,131072,none,1,replay_status=0,8392704,8396800,16777216,256,0,0,6971.3,5705.7,1611399168,12672,1612185600,4096x384 131072x12288,12480,1611399168,4096x192 131072x12288,410.1,3100.9,8683.8,0,0,0,1.0005,1.0000
v8_only,8,131072,none,2,replay_status=0,8392704,8396800,16777216,256,0,0,6858.8,5688.7,1611399168,12672,1612185600,4096x384 131072x12288,12480,1611399168,4096x192 131072x12288,452.5,1271.8,8806.1,0,0,0,1.0005,1.0000
v8_only,8,131072,none,3,replay_status=0,8392704,8396800,16777216,256,0,0,6932.8,5636.6,1611399168,12672,1612185600,4096x384 131072x12288,12480,1611399168,4096x192 131072x12288,374.6,915.1,8601.9,0,0,0,1.0005,1.0000
v8_only,8,2097152,udmabuf,1,replay_status=0,8392704,8396800,16777216,256,0,0,7073.4,13286.8,1611399168,1152,1612185600,4096x384 2097152x768,960,1611399168,4096x192 2097152x768,4111.1,6666.3,10149.1,0,0,0,1.0005,1.0000
v8_only,8,2097152,udmabuf,2,replay_status=0,8392704,8396800,16777216,256,0,0,7059.3,13670.2,1611399168,1152,1612185600,4096x384 2097152x768,960,1611399168,4096x192 2097152x768,4143.3,7420.7,10243.3,0,0,0,1.0005,1.0000
v8_only,8,2097152,udmabuf,3,replay_status=0,8392704,8396800,16777216,256,0,0,7062.6,13555.6,1611399168,1152,1612185600,4096x384 2097152x768,960,1611399168,4096x192 2097152x768,4146.6,5405.4,10130.1,0,0,0,1.0005,1.0000
v8_only,8,524288,udmabuf,1,replay_status=0,8392704,8396800,16777216,256,0,0,7107.7,13288.5,1611399168,3456,1612185600,4096x384 524288x3072,3264,1611399168,4096x192 524288x3072,4067.7,8280.3,10192.1,0,0,0,1.0005,1.0000
v8_only,8,524288,udmabuf,2,replay_status=0,8392704,8396800,16777216,256,0,0,7110.8,13773.7,1611399168,3456,1612185600,4096x384 524288x3072,3264,1611399168,4096x192 524288x3072,3972.3,5035.9,10191.7,0,0,0,1.0005,1.0000
v8_only,8,524288,udmabuf,3,replay_status=0,8392704,8396800,16777216,256,0,0,7174.4,13129.2,1611399168,3456,1612185600,4096x384 524288x3072,3264,1611399168,4096x192 524288x3072,4121.7,5943.0,10171.3,0,0,0,1.0005,1.0000
