model,chunk_tok,mdts_bytes,obj_bytes,store_cmds,store_MBps,load_MBps,store_failed,load_failed
Llama-3.2-1B-Instruct,16,131072,524288,5,2134.3,424.7,0,0
Llama-3.2-1B-Instruct,16,262144,524288,3,2283.0,518.2,0,0
Llama-3.2-1B-Instruct,16,524288,524288,2,2004.4,553.0,0,0
Llama-3.2-1B-Instruct,16,1048576,524288,2,2270.6,459.7,0,0
Llama-3.2-1B-Instruct,16,2097152,524288,2,2078.2,552.5,0,0
Llama-3.2-1B-Instruct,64,131072,2097152,17,3246.3,1071.1,0,0
Llama-3.2-1B-Instruct,64,262144,2097152,9,3464.2,946.4,0,0
Llama-3.2-1B-Instruct,64,524288,2097152,5,3528.6,1250.1,0,0
Llama-3.2-1B-Instruct,64,1048576,2097152,3,3397.9,1606.6,0,0
Llama-3.2-1B-Instruct,64,2097152,2097152,2,3479.2,1214.3,0,0
Llama-3.2-1B-Instruct,256,131072,8388608,65,4049.0,1366.9,0,0
Llama-3.2-1B-Instruct,256,262144,8388608,33,4125.0,2001.6,0,0
Llama-3.2-1B-Instruct,256,524288,8388608,17,4156.2,1895.6,0,0
Llama-3.2-1B-Instruct,256,1048576,8388608,9,4096.1,2400.5,0,0
Llama-3.2-1B-Instruct,256,2097152,8388608,5,4114.3,2978.2,0,0
Llama-3.2-1B-Instruct,512,131072,16777216,129,4199.0,1432.2,0,0
Llama-3.2-1B-Instruct,512,262144,16777216,65,4199.3,1899.6,0,0
Llama-3.2-1B-Instruct,512,524288,16777216,33,4214.4,2339.3,0,0
Llama-3.2-1B-Instruct,512,1048576,16777216,17,4247.6,2422.8,0,0
Llama-3.2-1B-Instruct,512,2097152,16777216,9,4223.9,3478.6,0,0
Llama-3.1-8B-Instruct,16,131072,2097152,17,3476.2,926.1,0,0
Llama-3.1-8B-Instruct,16,262144,2097152,9,3452.7,1047.0,0,0
Llama-3.1-8B-Instruct,16,524288,2097152,5,3471.1,1201.2,0,0
Llama-3.1-8B-Instruct,16,1048576,2097152,3,3502.7,1625.1,0,0
Llama-3.1-8B-Instruct,16,2097152,2097152,2,3315.1,1425.9,0,0
Llama-3.1-8B-Instruct,64,131072,8388608,65,4088.1,1409.6,0,0
Llama-3.1-8B-Instruct,64,262144,8388608,33,4116.7,1878.2,0,0
Llama-3.1-8B-Instruct,64,524288,8388608,17,4123.6,1967.7,0,0
Llama-3.1-8B-Instruct,64,1048576,8388608,9,4142.0,2601.0,0,0
Llama-3.1-8B-Instruct,64,2097152,8388608,5,4121.0,3258.4,0,0
Llama-3.1-8B-Instruct,256,131072,33554432,257,4191.1,1372.5,0,0
Llama-3.1-8B-Instruct,256,262144,33554432,129,4251.4,1973.9,0,0
Llama-3.1-8B-Instruct,256,524288,33554432,65,4282.9,2561.2,0,0
Llama-3.1-8B-Instruct,256,1048576,33554432,33,4316.2,2603.8,0,0
Llama-3.1-8B-Instruct,256,2097152,33554432,17,4292.4,3584.2,0,0
Llama-3.1-8B-Instruct,512,131072,67108864,513,4236.6,1394.1,0,0
Llama-3.1-8B-Instruct,512,262144,67108864,257,4335.8,2116.6,0,0
Llama-3.1-8B-Instruct,512,524288,67108864,129,4322.9,2596.6,0,0
Llama-3.1-8B-Instruct,512,1048576,67108864,65,4343.6,2763.3,0,0
Llama-3.1-8B-Instruct,512,2097152,67108864,33,4365.5,3861.8,0,0
Llama-3.1-70B-Instruct,16,131072,5242880,41,3919.9,1128.0,0,0
Llama-3.1-70B-Instruct,16,262144,5242880,21,3964.9,1481.1,0,0
Llama-3.1-70B-Instruct,16,524288,5242880,11,4051.6,1949.5,0,0
Llama-3.1-70B-Instruct,16,1048576,5242880,6,3986.1,1945.2,0,0
Llama-3.1-70B-Instruct,16,2097152,5242880,4,3839.3,2339.3,0,0
Llama-3.1-70B-Instruct,64,131072,20971520,161,4133.2,1412.5,0,0
Llama-3.1-70B-Instruct,64,262144,20971520,81,4232.8,1900.7,0,0
Llama-3.1-70B-Instruct,64,524288,20971520,41,4241.2,2436.3,0,0
Llama-3.1-70B-Instruct,64,1048576,20971520,21,4267.8,2523.0,0,0
Llama-3.1-70B-Instruct,64,2097152,20971520,11,4283.9,3463.3,0,0
Llama-3.1-70B-Instruct,256,131072,83886080,641,4286.0,1959.1,0,0
Llama-3.1-70B-Instruct,256,262144,83886080,321,4348.2,2128.9,0,0
Llama-3.1-70B-Instruct,256,524288,83886080,161,4352.2,2694.7,0,0
Llama-3.1-70B-Instruct,256,1048576,83886080,81,4359.4,2792.1,0,0
Llama-3.1-70B-Instruct,256,2097152,83886080,41,4363.1,3854.1,0,0
Llama-3.1-70B-Instruct,512,131072,167772160,1281,4244.7,1384.9,0,0
Llama-3.1-70B-Instruct,512,262144,167772160,641,4307.8,2027.1,0,0
Llama-3.1-70B-Instruct,512,524288,167772160,321,4048.7,2697.8,0,0
Llama-3.1-70B-Instruct,512,1048576,167772160,161,4379.2,2984.5,0,0
Llama-3.1-70B-Instruct,512,2097152,167772160,81,4386.9,4086.6,0,0
Llama-3.1-405B,16,131072,8257536,64,4024.8,1372.8,0,0
Llama-3.1-405B,16,262144,8257536,33,4063.7,1744.7,0,0
Llama-3.1-405B,16,524288,8257536,17,4094.2,1966.6,0,0
Llama-3.1-405B,16,1048576,8257536,9,3997.5,2343.6,0,0
Llama-3.1-405B,16,2097152,8257536,5,x,x,-1,-1
Llama-3.1-405B,64,131072,33030144,253,4158.0,1645.7,0,0
Llama-3.1-405B,64,262144,33030144,127,4248.0,1925.3,0,0
Llama-3.1-405B,64,524288,33030144,64,4290.7,2443.1,0,0
Llama-3.1-405B,64,1048576,33030144,33,4307.1,2561.6,0,0
Llama-3.1-405B,64,2097152,33030144,17,4298.6,3463.8,0,0
Llama-3.1-405B,256,131072,132120576,1009,4234.9,1544.1,0,0
Llama-3.1-405B,256,262144,132120576,505,4328.6,2087.1,0,0
Llama-3.1-405B,256,524288,132120576,253,4375.9,2720.1,0,0
Llama-3.1-405B,256,1048576,132120576,127,4372.9,2893.7,0,0
Llama-3.1-405B,256,2097152,132120576,64,4377.7,3955.3,0,0
Llama-3.1-405B,512,131072,264241152,2017,4250.5,1794.2,0,0
Llama-3.1-405B,512,262144,264241152,1009,4106.3,2050.9,0,0
Llama-3.1-405B,512,524288,264241152,505,4361.3,2728.2,0,0
Llama-3.1-405B,512,1048576,264241152,253,4382.3,2823.4,0,0
Llama-3.1-405B,512,2097152,264241152,127,4390.5,4060.5,0,0
DeepSeek-V3,16,131072,1124352,10,1819.4,526.7,0,0
DeepSeek-V3,16,262144,1124352,6,1809.0,609.3,0,0
DeepSeek-V3,16,524288,1124352,4,1789.6,710.6,0,0
DeepSeek-V3,16,1048576,1124352,3,1900.5,827.6,0,0
DeepSeek-V3,16,2097152,1124352,2,x,x,-1,-1
DeepSeek-V3,64,131072,4497408,36,3844.0,1332.2,0,0
DeepSeek-V3,64,262144,4497408,19,3865.8,1341.2,0,0
DeepSeek-V3,64,524288,4497408,10,3890.0,1649.0,0,0
DeepSeek-V3,64,1048576,4497408,6,3915.7,1905.0,0,0
DeepSeek-V3,64,2097152,4497408,4,4001.7,2220.2,0,0
DeepSeek-V3,256,131072,17989632,139,4154.6,1392.2,0,0
DeepSeek-V3,256,262144,17989632,70,4211.7,1889.1,0,0
DeepSeek-V3,256,524288,17989632,36,4268.1,2512.8,0,0
DeepSeek-V3,256,1048576,17989632,19,4232.2,2392.1,0,0
DeepSeek-V3,256,2097152,17989632,10,4241.3,3220.2,0,0
DeepSeek-V3,512,131072,35979264,276,4201.6,1400.0,0,0
DeepSeek-V3,512,262144,35979264,139,4305.4,2021.4,0,0
DeepSeek-V3,512,524288,35979264,70,4291.5,2559.4,0,0
DeepSeek-V3,512,1048576,35979264,36,4301.9,2592.7,0,0
DeepSeek-V3,512,2097152,35979264,19,4344.0,3962.5,0,0
