id,tag,chunk_tok,mdts_bytes,conc,lp,obj_bytes,cmds_per_obj,store_MBps,load_MBps,store_p50_ms,load_p50_ms,store_agg_MBps,load_agg_MBps,store_failed,load_failed,cycles,instructions,store_qd_busy,store_qd_p95,store_qd_max,store_lat_us,store_cmds,load_qd_busy,load_qd_p95,load_qd_max,load_lat_us,load_cmds,load_busy_frac,load_sizes
1,pre,16,262144,1,0,2097152,9,3228.2,1314.7,0.579,1.496,3199.8,1307.7,0,0,6057224537,7833523511,4.55,8,9,250.2,72,1.0,1,1,138.8,64,0.692,{"256K": 64}
2,pr-lp1,16,262144,1,1,2097152,9,3231.4,3111.5,0.579,0.664,3199.2,3078.2,0,0,5534247550,7523803631,4.6,8,9,254.3,72,4.72,8,8,351.0,64,0.874,{"256K": 64}
3,pr-lp4,16,262144,1,4,2097152,9,3101.3,3295.7,0.613,0.640,3069.9,3264.5,0,0,5519521096,7506373533,4.6,8,9,255.6,72,4.63,8,8,312.5,64,0.841,{"256K": 64}
4,pre,16,262144,4,0,2097152,9,1171.3,989.7,1.878,1.632,4325.8,3839.4,0,0,5637973409,7543301906,27.07,33,34,1421.1,288,3.19,4,4,216.1,256,0.991,{"256K": 256}
5,pr-lp1,16,262144,4,1,2097152,9,1163.9,1500.6,1.879,1.312,4252.5,5665.0,0,0,5584961155,7544502315,27.07,33,34,1423.6,288,23.12,29,31,1054.6,256,0.986,{"256K": 256}
6,pr-lp4,16,262144,4,4,2097152,9,1158.9,1384.4,1.878,1.272,4299.0,4941.4,0,0,5612164080,7537014342,26.57,32,34,1402.4,288,22.11,29,31,1159.7,256,0.989,{"256K": 256}
7,pre,16,262144,8,0,2097152,9,598.8,839.8,3.783,2.499,4355.6,6024.0,0,0,5724151773,7611117243,59.28,69,70,3126.7,576,6.26,8,8,269.1,512,0.987,{"256K": 512}
8,pr-lp1,16,262144,8,1,2097152,9,594.6,859.5,3.789,2.509,4357.2,6268.9,0,0,5691790600,7601853228,59.56,69,70,3146.3,576,50.72,60,63,2102.7,512,0.991,{"256K": 512}
9,pr-lp4,16,262144,8,4,2097152,9,594.1,869.2,3.771,2.422,4346.5,5553.4,0,0,5710933219,7609214764,59.86,69,70,3158.7,576,44.87,61,64,2103.5,512,0.993,{"256K": 512}
10,pre,16,262144,32,0,2097152,9,150.2,205.0,15.026,9.997,4396.9,6325.7,0,0,6708860926,8248419014,253.91,284,286,13402.7,2304,29.72,32,32,1224.3,2048,0.994,{"256K": 2048}
11,pr-lp1,16,262144,32,1,2097152,9,150.3,221.8,15.202,9.969,4392.7,6306.7,0,0,7671954472,9074112397,236.0,256,256,12465.3,2304,218.75,252,255,9059.8,2048,0.996,{"256K": 2048}
12,pr-lp4,16,262144,32,4,2097152,9,150.1,215.0,15.216,10.078,4391.7,6273.9,0,0,7859935262,9169015902,235.71,256,256,12458.1,2304,224.05,252,255,9334.1,2048,0.997,{"256K": 2048}
13,pre,16,2097152,1,0,2097152,2,3304.5,2792.1,0.576,0.597,3270.0,2768.9,0,0,5523877736,7505078850,1.01,1,2,248.9,16,1.0,1,1,627.8,8,0.829,{"2048K": 8}
14,pr-lp1,16,2097152,1,1,2097152,2,3192.7,2073.9,0.587,0.652,3160.4,2061.4,0,0,5618412013,7500678390,1.01,1,2,251.0,16,1.0,1,1,924.0,8,0.908,{"2048K": 8}
15,pr-lp4,16,2097152,1,4,2097152,2,3342.2,1840.7,0.563,0.578,3312.6,1831.4,0,0,5572950291,7498331440,1.02,1,2,248.2,16,1.0,1,1,1064.5,8,0.93,{"2048K": 8}
16,pre,16,2097152,4,0,2097152,2,1155.9,1489.2,1.879,1.329,4265.1,5339.4,0,0,5549733428,7527514088,6.07,7,7,1438.9,64,3.45,4,4,1337.2,32,0.986,{"2048K": 32}
17,pr-lp1,16,2097152,4,1,2097152,2,1148.1,1282.4,1.895,1.382,4229.6,4593.4,0,0,5532908316,7519666566,6.19,7,7,1473.3,64,3.48,4,4,1572.3,32,0.99,{"2048K": 32}
18,pr-lp4,16,2097152,4,4,2097152,2,1161.8,1453.1,1.883,1.342,4324.6,5220.7,0,0,5585101695,7527870437,6.16,7,7,1460.5,64,3.45,4,4,1369.9,32,0.989,{"2048K": 32}
19,pre,16,2097152,8,0,2097152,2,594.0,773.9,3.796,2.590,4349.0,5204.6,0,0,5650697613,7567937641,13.21,15,15,3142.0,128,6.6,8,8,2635.1,64,0.991,{"2048K": 64}
20,pr-lp1,16,2097152,8,1,2097152,2,594.6,808.8,3.773,2.637,4364.4,5506.7,0,0,5644919513,7577483186,13.26,15,15,3143.4,128,6.65,8,8,2511.5,64,0.992,{"2048K": 64}
21,pr-lp4,16,2097152,8,4,2097152,2,599.6,789.4,3.796,2.641,4351.5,5822.0,0,0,5643004646,7584238844,13.24,15,15,3149.7,128,7.23,8,8,2585.1,64,0.992,{"2048K": 64}
22,pre,16,2097152,32,0,2097152,2,149.9,211.1,15.213,10.525,4392.8,6213.7,0,0,6733799993,8178883422,57.2,63,63,13598.1,512,29.27,32,32,9842.6,256,0.996,{"2048K": 256}
23,pr-lp1,16,2097152,32,1,2097152,2,150.0,210.0,15.198,10.539,4394.2,6210.0,0,0,7417853487,8534280383,57.17,63,63,13586.1,512,29.4,32,32,9898.7,256,0.997,{"2048K": 256}
24,pr-lp4,16,2097152,32,4,2097152,2,150.2,212.9,15.198,10.496,4393.1,6223.4,0,0,7437185999,8524356456,57.09,63,63,13571.0,512,29.07,32,32,9765.2,256,0.997,{"2048K": 256}
25,pre,64,262144,1,0,8388608,33,3987.6,1737.2,2.014,4.457,3974.4,1734.4,0,0,5582852502,7531978730,16.13,30,33,936.4,264,1.0,1,1,96.8,256,0.64,{"256K": 256}
26,pr-lp1,64,262144,1,1,8388608,33,4037.6,4568.6,2.013,1.603,4025.0,4555.5,0,0,5598559135,7512560384,16.12,30,33,934.4,264,15.12,31,32,828.8,256,0.952,{"256K": 256}
27,pr-lp4,64,262144,1,4,8388608,33,4034.9,4534.7,2.013,1.626,4021.1,4520.8,0,0,5573462789,7513706870,16.16,30,33,936.3,264,14.23,30,32,776.8,256,0.941,{"256K": 256}
28,pre,64,262144,4,0,8388608,33,1156.9,1209.9,7.602,6.733,4370.8,4730.8,0,0,5759998522,7629768258,105.17,125,128,6049.5,1056,2.89,4,4,159.9,1024,0.997,{"256K": 1024}
29,pr-lp1,64,262144,4,1,8388608,33,1155.3,1759.4,7.604,4.875,4365.0,6652.7,0,0,5694912918,7626305842,104.87,125,127,6045.8,1056,99.33,118,123,3892.5,1024,0.994,{"256K": 1024}
30,pr-lp4,64,262144,4,4,8388608,33,1155.9,1671.1,7.613,4.925,4372.6,6271.0,0,0,5644182569,7627470462,106.09,126,128,6110.3,1056,97.59,117,126,4061.1,1024,0.995,{"256K": 1024}
31,pre,64,262144,8,0,8388608,33,585.0,814.3,15.201,10.325,4393.1,6203.7,0,0,5908583420,7810765043,228.92,258,260,13187.0,2112,6.08,8,8,255.4,2048,0.994,{"256K": 2048}
32,pr-lp1,64,262144,8,1,8388608,33,586.6,888.8,15.168,9.857,4397.3,6594.8,0,0,5979340815,7906868452,228.61,256,256,13149.1,2112,216.31,248,253,8576.8,2048,0.997,{"256K": 2048}
33,pr-lp4,64,262144,8,4,8388608,33,586.3,882.4,15.184,9.838,4398.9,6455.7,0,0,6030594585,7872380639,228.31,256,256,13137.7,2112,211.55,246,252,8564.9,2048,0.997,{"256K": 2048}
34,pre,64,262144,32,0,8388608,33,160.7,208.2,41.350,40.126,4414.2,6570.8,0,0,9754101310,9976883160,847.38,1030,1052,48718.4,8448,30.44,32,32,1212.4,8192,0.998,{"256K": 8192}
35,pr-lp1,64,262144,32,1,8388608,33,147.7,227.9,60.780,39.198,4410.2,6736.2,0,0,15251318302,14174084033,251.34,256,256,14469.7,8448,248.17,256,256,9649.7,8192,0.999,{"256K": 8192}
36,pr-lp4,64,262144,32,4,8388608,33,140.3,230.4,60.832,38.606,4197.0,6806.5,0,0,14885303795,14072292049,251.54,256,256,15213.5,8448,249.22,256,256,9588.4,8192,0.999,{"256K": 8192}
37,pre,64,2097152,1,0,8388608,5,4065.5,3702.8,2.013,2.134,4052.1,3688.1,0,0,5553347692,7512426072,2.52,4,5,962.8,40,1.0,1,1,491.9,32,0.865,{"2048K": 32}
38,pr-lp1,64,2097152,1,1,8388608,5,4033.1,4239.8,2.022,1.613,4019.8,4227.2,0,0,5529474889,7504544952,2.52,4,5,963.2,40,2.44,4,4,1143.6,32,0.944,{"2048K": 32}
39,pr-lp4,64,2097152,1,4,8388608,5,4059.6,3778.1,2.017,1.649,4045.8,3767.2,0,0,5636875510,7510735942,2.52,4,5,961.1,40,2.26,4,4,1195.1,32,0.95,{"2048K": 32}
40,pre,64,2097152,4,0,8388608,5,1156.4,1561.0,7.601,5.289,4382.5,6076.6,0,0,5633429434,7569707840,16.12,19,19,6127.8,160,3.65,4,4,1252.8,128,0.994,{"2048K": 128}
41,pr-lp1,64,2097152,4,1,8388608,5,1158.8,1581.2,7.602,5.284,4387.0,5808.0,0,0,5618750408,7576988415,16.19,19,19,6151.4,160,12.98,16,16,4670.4,128,0.996,{"2048K": 128}
42,pr-lp4,64,2097152,4,4,8388608,5,1159.0,1559.1,7.599,5.328,4386.2,5836.8,0,0,5654913181,7568722453,16.2,19,19,6152.1,160,13.22,16,16,4730.3,128,0.996,{"2048K": 128}
43,pre,64,2097152,8,0,8388608,5,585.3,771.0,15.196,10.520,4396.4,6065.9,0,0,5775996493,7678076842,34.87,39,39,13254.5,320,7.65,8,8,2639.5,256,0.998,{"2048K": 256}
44,pr-lp1,64,2097152,8,1,8388608,5,586.3,832.0,15.182,10.498,4404.1,6150.7,0,0,5837949856,7731417876,34.72,39,39,13176.8,320,27.68,32,32,9407.7,256,0.997,{"2048K": 256}
45,pr-lp4,64,2097152,8,4,8388608,5,585.8,835.0,15.197,10.509,4397.7,6258.1,0,0,5807317372,7741339356,34.8,39,39,13225.6,320,28.25,32,32,9446.8,256,0.998,{"2048K": 256}
46,pre,64,2097152,32,0,8388608,5,147.4,201.9,60.826,42.152,4407.6,6327.4,0,0,10178999196,9915071634,146.74,159,159,55781.5,1280,31.16,32,32,10320.0,1024,0.999,{"2048K": 1024}
47,pr-lp1,64,2097152,32,1,8388608,5,147.5,211.6,60.775,42.110,4411.0,6336.1,0,0,13006617881,11365524111,146.77,159,159,55757.7,1280,118.07,128,128,39035.2,1024,0.999,{"2048K": 1024}
48,pr-lp4,64,2097152,32,4,8388608,5,147.8,211.9,60.776,42.075,4411.0,6338.4,0,0,12723153202,11282078442,146.55,159,159,55665.2,1280,117.91,128,128,38969.7,1024,0.999,{"2048K": 1024}
49,pre,256,262144,1,0,33554432,129,4258.7,1937.4,7.799,17.222,4254.9,1936.1,0,0,5709606234,7607073924,58.76,111,119,3463.0,1032,1.0,1,1,78.7,1024,0.582,{"256K": 1024}
50,pr-lp1,256,262144,1,1,33554432,129,4274.6,5962.5,7.763,5.324,4270.8,5955.9,0,0,5667571193,7580860005,61.04,115,123,3590.7,1032,51.22,100,126,2180.7,1024,0.967,{"256K": 1024}
51,pr-lp4,256,262144,1,4,33554432,129,4231.8,6056.3,7.866,5.275,4227.4,6049.0,0,0,5621445041,7582666186,58.66,110,119,3465.7,1032,52.83,101,120,2204.9,1024,0.963,{"256K": 1024}
52,pre,256,262144,4,0,33554432,129,1158.9,1334.9,30.358,24.835,4408.7,5259.0,0,0,6281828628,7993153868,413.99,497,506,24372.3,4128,3.13,4,4,155.3,4096,0.995,{"256K": 4096}
53,pr-lp1,256,262144,4,1,33554432,129,1157.7,1788.5,30.381,19.605,4398.3,6800.6,0,0,7224977535,9650187264,247.04,256,256,14563.9,4128,246.89,256,256,9495.0,4096,0.998,{"256K": 4096}
54,pr-lp4,256,262144,4,4,33554432,129,1050.6,1764.6,31.076,19.604,4009.5,6661.1,0,0,7362341575,9844448472,247.87,256,256,16043.0,4128,245.12,256,256,9613.9,4096,0.997,{"256K": 4096}
55,pre,256,262144,8,0,33554432,129,584.8,818.2,60.778,40.950,4408.8,6431.7,0,0,7101733657,8668014792,898.22,1012,1019,52918.6,8256,6.42,8,8,261.2,8192,0.998,{"256K": 8192}
56,pr-lp1,256,262144,8,1,33554432,129,584.8,904.2,60.779,39.206,4410.3,6767.9,0,0,9536060214,11944618391,251.37,256,256,14806.9,8256,248.96,256,256,9628.1,8192,0.998,{"256K": 8192}
57,pr-lp4,256,262144,8,4,33554432,129,585.2,896.4,60.744,39.243,4411.1,6746.0,0,0,9711759883,12076109827,251.4,256,256,14802.2,8256,251.14,256,256,9748.7,8192,0.999,{"256K": 8192}
58,pre,256,262144,32,0,33554432,129,145.6,211.1,236.945,158.673,4342.4,6713.4,0,0,23936159909,18138623603,2637.42,3488,4085,157922.5,33024,30.46,32,32,1189.0,32768,1.0,{"256K": 32768}
59,pr-lp1,256,262144,32,1,33554432,129,147.1,225.8,243.397,157.138,4408.1,6759.8,0,0,43116311993,33102858119,253.08,255,256,14928.4,33024,250.42,255,256,9708.4,32768,1.0,{"256K": 32768}
60,pr-lp4,256,262144,32,4,33554432,129,142.8,227.8,249.129,156.834,4278.4,6797.4,0,0,43705716489,33463797877,253.15,256,256,15384.7,33024,250.69,255,256,9664.8,32768,1.0,{"256K": 32768}
61,pre,256,2097152,1,0,33554432,17,4259.5,3853.0,7.808,8.690,4255.8,3848.9,0,0,5537865312,7539434237,8.51,16,17,3820.9,136,1.0,1,1,468.2,128,0.859,{"2048K": 128}
62,pr-lp1,256,2097152,1,1,33554432,17,4258.6,5576.6,7.857,5.647,4254.8,5570.4,0,0,5597905284,7531490337,8.5,16,17,3821.4,136,8.38,16,16,3086.3,128,0.979,{"2048K": 128}
63,pr-lp4,256,2097152,1,4,33554432,17,4258.9,5386.5,7.857,5.687,4255.4,5380.8,0,0,5557260874,7533921135,8.5,16,17,3822.7,136,8.03,16,16,3065.5,128,0.979,{"2048K": 128}
64,pre,256,2097152,4,0,33554432,17,1156.7,1592.0,30.411,21.131,4398.0,6321.7,0,0,5782493869,7721779100,55.65,66,67,24899.2,544,3.75,4,4,1243.8,512,0.999,{"2048K": 512}
65,pr-lp1,256,2097152,4,1,33554432,17,1159.1,1658.1,30.343,21.000,4409.3,6232.8,0,0,5923225732,7774151683,55.67,66,67,24853.8,544,52.08,63,64,17496.2,512,0.998,{"2048K": 512}
66,pr-lp4,256,2097152,4,4,33554432,17,1158.8,1635.8,30.384,21.099,4407.5,6194.9,0,0,5910175834,7772768632,55.67,66,67,24870.4,544,52.5,63,64,17746.4,512,0.999,{"2048K": 512}
67,pre,256,2097152,8,0,33554432,17,568.1,796.1,60.767,42.086,4221.8,6293.4,0,0,6395164366,8148294068,117.51,134,135,54873.4,1088,7.7,8,8,2562.9,1024,0.999,{"2048K": 1024}
68,pr-lp1,256,2097152,8,1,33554432,17,584.4,837.5,60.777,42.140,4411.2,6308.5,0,0,6772204592,8387068717,119.52,134,135,53419.7,1088,112.56,127,128,37391.3,1024,0.999,{"2048K": 1024}
69,pr-lp4,256,2097152,8,4,33554432,17,584.9,840.8,60.743,42.075,4414.1,6341.7,0,0,6784206792,8374217322,119.47,134,135,53367.2,1088,112.79,127,128,37268.6,1024,0.999,{"2048K": 1024}
70,pre,256,2097152,32,0,33554432,17,155.4,198.9,185.112,169.303,4295.1,6332.1,0,0,21752296433,16106181438,425.49,532,543,195470.9,4352,31.56,32,32,10449.6,4096,1.0,{"2048K": 4096}
71,pr-lp1,256,2097152,32,1,33554432,17,144.3,212.4,247.760,168.194,4332.9,6374.2,0,0,41104757086,35176566115,248.3,256,256,113075.5,4352,247.59,256,256,81438.4,4096,1.0,{"2048K": 4096}
72,pr-lp4,256,2097152,32,4,33554432,17,144.0,212.3,244.899,168.176,4324.7,6374.7,0,0,41114003939,35197519984,248.3,256,256,113285.1,4352,247.78,256,256,81493.7,4096,1.0,{"2048K": 4096}
